<?xml version="1.0" encoding="UTF-8"?>
<metadata>
    <groupId>com.amazon</groupId>
    <artifactId>fortpayment</artifactId>
    <versioning>
        <latest>2.1.1</latest>
        <release>2.1.1</release>
        <versions>
            <version>2.0</version>
            <version>2.0.1</version>
            <version>2.0.2</version>
            <version>2.0.3</version>
            <version>2.1.0</version>
            <version>2.1.1</version>
        </versions>
        <lastUpdated>20230823123702</lastUpdated>
    </versioning>
</metadata>